(Do Not Modify) Asset per Path,(Do Not Modify) Row Checksum,(Do Not Modify) Modified On,Asset,Path,Title (Path) (Paths),Required,Sort Order
,,,Get started with Azure Health Data Services,PTEST-1000,Prepare to Lead a Business Value Conversation,Recommended,
,,,Azure Fundamentals: Describe Azure architecture and services,PTEST-1000,Prepare to Lead a Business Value Conversation,Recommended,
,,,Design Migration to Azure,PTEST-1000,Prepare to Lead a Business Value Conversation,Recommended,
,,,Microsoft Certified: Azure Solutions Architect Expert,PTEST-1000,Prepare to Lead a Business Value Conversation,Recommended,
,,,Azure Active Directory,PTEST-1001,Prepare for Operational Command of the Business,Recommended,
,,,Azure Architecture Center,PTEST-1001,Prepare for Operational Command of the Business,Recommended,
,,,Design Migration to Azure,PTEST-1001,Prepare for Operational Command of the Business,Recommended,
,,,Azure Virtual Desktop,PTEST-1001,Prepare for Operational Command of the Business,Recommended,
,,,Azure Fundamentals: Describe Azure architecture and services,PTEST-1002,Prepare for Selling and achieving customer success,Recommended,
,,,Microsoft Azure Fundamentals: Describe cloud concepts - Training,PTEST-1002,Prepare for Selling and achieving customer success,Recommended,
,,,Microsoft Certified: Azure Solutions Architect Expert,PTEST-1002,Prepare for Selling and achieving customer success,Recommended,
,,,Azure Architecture Center,PTEST-1000,Prepare to Lead a Business Value Conversation,Recommended,
