(Do Not Modify) Certification,(Do Not Modify) Row Checksum,(Do Not Modify) Modified On,Asset ID,Asset Title,Link,Duration (Mins),Modality,Requested by,ScromWrapped,Status,Application,Area,Description,Descriptions per link,Is HTML Description,Onboarding Experience Choice ,Program Configuration,Specialty,SuccessFactors ID,Title,ToBeScormWrapped
,,,AC-6429,Azure Active Directory,https://learn.microsoft.com/en-us/training/modules/manage-users-and-groups-in-aad/,50,Web-based content,,No,Active,OLP,,Learn how to create a hybrid identity solution with Azure AD Connect,,No,,,,,,No
,,,AC-3621,Azure Architecture Center,https://learn.microsoft.com/en-us/azure/architecture/,30,Article,,No,Active,OLP,,Guidance for architecting solutions on Azure using established patterns and practices.,,No,,,,,,No
,,,AC-3977,Azure Fundamentals: Describe Azure architecture and services,https://learn.microsoft.com/en-us/training/paths/azure-fundamentals-describe-azure-architecture-services/,20,Web-based content,,No,Active,OLP,,"This learning path explores Microsoft Azure, its architecture, and some of the most commonly used services and resources.",,No,,,,,,No
,,,AC-3976,Azure SQL fundamentals - Training,https://learn.microsoft.com/en-us/training/paths/azure-sql-fundamentals/,434,Web-based content,,No,Active,OLP,,Learn how to translate your existing SQL Server expertise to Azure SQL including Azure SQL Database and Azure SQL managed instance.,,No,,,,,,No
,,,AC-3957,Azure Virtual Desktop,https://learn.microsoft.com/en-us/azure/virtual-desktop/,30,Web-based content,,No,Active,OLP,,"Azure Virtual Desktop is a desktop and app virtualization service that runs on the cloud. Review this content for an overview of Azure Virtual Desktop, tips on how to get started, critical capabilities, videos, and more.
",,No,,,,,,No
,,,AC-4463,Design Migration to Azure,https://learn.microsoft.com/en-us/training/modules/design-your-migration-to-azure/?WT.mc_id=api_CatalogApi,44,E-Learning,,No,Active,OLP,,Minimize the time and resources required to migrate on-premises environment to Azure,,No,,,,,,No
,,,AC-3987,Get started with Azure Health Data Services,https://learn.microsoft.com/en-us/users/register?redirectUrl=https%3A%2F%2Flearn.microsoft.com%2Fen-us%2Ftraining%2Fpaths%2Fazure-health-data-services%2F,159,E-Learning,,No,Active,OLP,,"In this Learning Path, you'll be guided through use cases as you explore interoperability challenges of health and life sciences data, examine the tools and connectors of Azure Health Data Services and their benefits, review the data architecture of FHIR and the details of how the FHIR API is implemented, explore the DICOM standards and DICOM service using the use case for radiology data in cancer treatment and how to enable IoT data scenarios for remote patient monitoring.",,No,,,,,,No
,,,AC-3068,How to use the Azure usage report,https://learn.microsoft.com/en-us/partner-center/azure-usage-report,15,Web-based content,Yanira Sesniak,No,Active,OLP,,"In this article learn about Azure consumption revenue (ACR) as the monetary value of Azure services consumed by customers and the how to use the Azure usage report.
",,No,,,,,,No
,,,AC-3085,Introduction to Azure Fundamentals,https://learn.microsoft.com/en-us/training/modules/intro-to-azure-fundamentals/,45,E-Learning,,Yes,Active,OLP,,"This module introduces you to the basics of cloud computing and Azure, and how to get started with Azure's subscriptions and accounts.",,No,,,,,,No
,,,AC-3975,Microsoft Azure Fundamentals: Describe cloud concepts - Training,https://learn.microsoft.com/en-us/training/paths/microsoft-azure-fundamentals-describe-cloud-concepts/,52,Web-based content,,No,Active,OLP,,This learning path introduces you to cloud computing and the benefits cloud computing can offer to organizations. ,,No,,,,,,No
,,,AC-3787,Microsoft Certified: Azure Solutions Architect Expert,https://learn.microsoft.com/en-us/certifications/azure-solutions-architect/?WT.mc_id=certposter_poster-wwl%3FWT.mc_id%3Dcertposter_poster-wwl,420,Web-based content,,No,Active,OLP,,"The certification measures your ability to accomplish the following technical tasks: design, identity, governance, and monitoring solutions; design data storage solutions; design business continuity solutions; and design infrastructure solutions. ",,No,,,,,,No
