(Do Not Modify) Contact,(Do Not Modify) Row Checksum,(Do Not Modify) Modified On, Full Name,Middle Name,First Name,Last Name,Qualifier 1,Qualifier 2,Organization Detail,Area (A14),Role Summary,Timezone,Position Entry Date,Most Recent Hire Date,Reports to email level 1
,,,Abraham McCormick,,Abraham,McCormick,Corporate,Azure,Sales,United States,Sales Representative IC,AMER,1/3/2024,1/1/2024,Paul
,,,Carol McLaughlin,,Carol,McLaughlin,Not Available,Data & Analytics,Customer Service,,Technical Support Representative IC,,2/5/2024,4/10/2023,Eva
,,,Cheri Castaneda,,Cheri,Castaneda,Not Available,Data & Analytics,Customer Service,,Technical Support Manager M,,8/15/2023,3/13/2023,Kris
,,,Lizzie Foley,,Lizzie,Foley,Not Available,Azure,Sales,United States,Sales Manager M,AMER,10/16/2023,10/16/2023,Jennifer
