(Do Not Modify) Topics,(Do Not Modify) Row Checksum,(Do Not Modify) Modified On,Topic ID,Title,Sort
,,,TPTEST-1126,Azure Core Specialist Role Specifics,60
,,,TPTEST-1127,Azure Core CSA Role Specifics,60
,,,TPTEST-1128,Azure Core CSA Role Specifics.,60
,,,TPTEST-1129,Azure Digital Specialist Foundations,4
,,,TPTEST-1130,Azure Core Specialist Role Specifics,60
,,,TPTEST-1131,Azure Specialist Role Specifics,60
,,,TPTEST-1132,Azure Core CSA Role Specifics,60
,,,TPTEST-1133,Azure Core CSA Role Specifics,60
